Scenario,CVA,Change_EUR,Change_percent
Baseline,495406.2898210375,0.0,0.0
Volatility 30%,826397.2741396083,330990.98431857076,66.81202704110585
Correlation 40%,465524.195487608,-29882.09433342947,-6.031835878431054
