Hazard_Bucket,Delta_CVA_EUR
0_1,3241.506704285799
1_3,8267.06319593219
3_5,10178.654160692182
