Hazard_Bucket,Delta_CDS_1Y,Delta_CDS_3Y,Delta_CDS_5Y
0_1,0.00038850771340624094,0.0003883168856836164,0.0003882426843734438
1_3,0.0,0.0007193106578994579,0.0007187391846871644
3_5,0.0,0.0,0.0006485134571656143
