CDS_Maturity_Y,Notional_EUR
1.0,3153375.5215591267
3.0,4189857.63855124
5.0,-15695363.061822796
