CVA_unnetted,CVA_netted,Netting_benefit_EUR,Netting_benefit_percent
38.222514127963834,30.70092820503267,7.521585922931163,19.67841753619321
