CVA_unnetted,CVA_netted,Netting_benefit_EUR,Netting_benefit_percent
626956.1698005222,495406.2898210375,131549.87997948466,20.98230886241054
