instrument,cva
Forward SX5E,252933.35920357704
Forward AEX,229755.24144447758
Option SX5E,74907.10907142021
Option AEX,69360.46008104732
