instrument,cva
Forward SX5E,25.293335920357713
Forward AEX,4.1773680262632285
Option SX5E,7.490710907142026
Option AEX,1.2610992742008604
