test,instrument,mc_estimate,theoretical_value,std_error,ci_lower_95,ci_upper_95,passes_test,ci_method
Martingale Test,SX5E Forward,250.19768362650163,264.77664966541033,18.727547559831244,213.49169040923238,286.9036768437709,True,
Martingale Test,AEX Forward,40.30584485257011,44.12944161090172,3.110779061287143,34.20871789244731,46.40297181269291,True,
Option Pricing Test,SX5E Put,188.3007862955205,184.6183043298314,4.131403835060729,180.2032347788015,196.39833781223953,True,
Option Pricing Test,AEX Put,31.475903404643613,30.769717388305224,0.6922105525999919,30.11917072154763,32.832636087739594,True,
Correlation Structure Check,SX5E vs AEX,0.7996596867948402,0.8,0.0012909976762340305,0.7987455335782918,0.8005701480519327,True,Fisher Z-transformation
